E8911,3.345411414E7,3083785.39
E8857,3.345720741E7,3082849.046
E8877,3.345433798E7,3083355.054
E8855,3.345352178E7,3083021.134
E8654,3.345032017E7,3081053.01
E8896,3.345370194E7,3083541.052
E8630,3.345084997E7,3080592.385
E8795,3.34522155E7,3082233.415
E8937,3.345449139E7,3084065.016
E8638,3.345156154E7,3080799.776
E8858,3.345427045E7,3082890.469
E8759,3.345158005E7,3081827.996
F8798,3.345310859E7,3082030.608
D8607,3.345165099E7,3080599.074
D8706,3.345016019E7,3081455.73
D8608,3.345112047E7,3080674.902
F8757,3.345244047E7,3081602.073
F8796,3.345520594E7,3082224.502
D8664,3.345128043E7,3081228.053
E8881,3.345611245E7,3083354.469
F8818,3.345605447E7,3082764.461
F8719,3.345474848E7,3081672.357
F8835,3.345687997E7,3082544.475
D8800,3.345732865E7,3082403.69
E8867,3.34546554E7,3083028.04
E8701,3.345151826E7,3081371.887
D8682,3.345062905E7,3081198.692
E8886,3.345539671E7,3083311.076
E8787,3.345442363E7,3082270.823
D8640,3.345084088E7,3080888.547
D8563,3.345112929E7,3079912.767
E8861,3.345648387E7,3083121.565
F8670,3.345228852E7,3081091.452
E8808,3.34535792E7,3082629.862
E8927,3.345581143E7,3083842.358
E8905,3.345497556E7,3083669.943
E8949,3.34540125E7,3084421.472
A8789,3.345375703E7,3082406.02
E8804,3.3452428E7,3082099.682
F8765,3.345281909E7,3081651.432
F8822,3.345753281E7,3082312.847
F8840,3.345489765E7,3082502.582
F8763,3.345403243E7,3082069.883
F8841,3.34552755E7,3082810.5
E8692,3.345081076E7,3081489.483
D8854,3.345389092E7,3083106.636
E8792,3.345179184E7,3082226.509
F8626,3.345230461E7,3080624.683
E7404,3.342432719E7,3068196.772
E7403,3.342652541E7,3068075.628
G7353,3.342621822E7,3067455.968
E7423,3.342627142E7,3068265.977
G7359,3.342671538E7,3067483.828
E7443,3.342472808E7,3068607.717
E7366,3.342422423E7,3067876.337
E7344,3.342544329E7,3067493.483
F7252,3.342561532E7,3066775.488
A7526,3.342524236E7,3069281.416
A7427,3.342412104E7,3068467.211
A7504,3.34243548E7,3069132.335
F7369,3.342699012E7,3067827.322
A7499,3.342475685E7,3069075.836
A7235,3.342548229E7,3066419.963
A7394,3.342362623E7,3068025.94
F7201,3.342500723E7,3066047.295
E7491,3.342504623E7,3068585.735
G7283,3.34258313E7,3067080.951
E7477,3.342591649E7,3068605.972
E7478,3.342558149E7,3068357.717
A7516,3.34239194E7,3069132.93
F7164,3.342478528E7,3065734.118
A7458,3.342376691E7,3068749.821
A7420,3.342709699E7,3068336.908
F7397,3.342588361E7,3067884.223
E7484,3.342462571E7,3069065.293
E7363,3.342475095E7,3067761.359
E7284,3.342498921E7,3067025.72
E7240,3.342459251E7,3066389.81
E7481,3.342537207E7,3068530.666
E6116,3.343984466E7,3047154.133
E6237,3.344146265E7,3050329.158
L6345,3.343199407E7,3052720.566
E6238,3.343752662E7,3050289.833
E6233,3.343703437E7,3050479.576
E6112,3.343867447E7,3047141.64
E6474,3.343733898E7,3055799.435
E6111,3.34361325E7,3047109.998
E6477,3.343771388E7,3056048.898
E6114,3.343820456E7,3046994.369
E6235,3.343301316E7,3050413.956
E6234,3.343971684E7,3050290.643
E6113,3.34359189E7,3046907.187
E6119,3.343933081E7,3047383.811
F6284,3.343632453E7,3051488.09
F6162,3.343601332E7,3048467.428
A6337,3.344192053E7,3052394.81
F6161,3.343825148E7,3048577.21
F6278,3.343319381E7,3051096.418
F6156,3.343641899E7,3048272.311
A6100,3.343305653E7,3046754.23
F6277,3.343284436E7,3051306.066
A6460,3.34391527E7,3055570.787
E6484,3.343690988E7,3056282.845
E6363,3.343990839E7,3052997.313
E6242,3.343940957E7,3050202.659
E6362,3.344017492E7,3052863.975
E6241,3.343826023E7,3050331.804
E6120,3.343877553E7,3047455.887
E6468,3.343665538E7,3055897.475
E6226,3.344217232E7,3050036.587
E6225,3.343688469E7,3050102.164
E6349,3.344331616E7,3052684.264
E6106,3.343660632E7,3046874.017
E6343,3.343972565E7,3052480.041
E6342,3.344032744E7,3052431.065
L6359,3.343720257E7,3053021.492
E6224,3.343803025E7,3049958.131
E6103,3.343367058E7,3046979.781
E6465,3.343860894E7,3055778.89
E6223,3.343914584E7,3050182.175
F6391,3.34367499E7,3053862.624
L6470,3.343693238E7,3055763.849
A6325,3.343937199E7,3052152.794
E6109,3.343723089E7,3046817.298
F6153,3.343411074E7,3048349.893
E6108,3.343889994E7,3046855.245
F6151,3.343795721E7,3048328.552
L6473,3.343100033E7,3055949.11
A6205,3.343229452E7,3049671.621
F6143,3.343790489E7,3047971.286
F6268,3.343592442E7,3051136.657
E6352,3.343781684E7,3052907.507
E6110,3.343367193E7,3047199.057
E6351,3.343169055E7,3052331.053
E6336,3.343803454E7,3052608.177
E6215,3.343745781E7,3049730.519
E6457,3.343124076E7,3055716.689
L6322,3.343195102E7,3052104.329
E6338,3.344243525E7,3052685.781
E6332,3.343704602E7,3052403.141
E6211,3.344084703E7,3049943.068
E6213,3.344178978E7,3049788.469
E6219,3.344117777E7,3049975.5
A6357,3.343844771E7,3052871.142
E6218,3.344271263E7,3049991.767
A6115,3.343935311E7,3047167.376
F6140,3.343411827E7,3047980.486
A6366,3.343963644E7,3053093.44
A6245,3.344364466E7,3050562.882
F6139,3.34365506E7,3047868.683
F6137,3.343756556E7,3047591.682
F6378,3.343263625E7,3053630.697
E6204,3.343315087E7,3049854.639
E6324,3.344345928E7,3052333.461
E6445,3.343139041E7,3055178.698
E6448,3.343788591E7,3055492.085
E6206,3.343704139E7,3049735.564
E6563,3.343692975E7,3057781.615
E6320,3.343963924E7,3052325.69
L6459,3.343119885E7,3055841.997
A6347,3.343928441E7,3052736.366
E6329,3.343778076E7,3052334.4
E6208,3.344070315E7,3049626.444
F6252,3.343601437E7,3050780.735
A6105,3.343930623E7,3046868.273
A6346,3.343990205E7,3052599.545
E6328,3.344055594E7,3052148.051
F6130,3.343546325E7,3047665.798
E6449,3.34312097E7,3055456.624
A6104,3.343329546E7,3046914.166
F6492,3.343603863E7,3056342.929
A6107,3.343980441E7,3046528.879
A6348,3.344275181E7,3052698.646
E6209,3.344299829E7,3049676.594
F6124,3.343818908E7,3047456.837
A6232,3.343238323E7,3050368.294
F6121,3.343414699E7,3047425.401
F6249,3.343360649E7,3050677.895
F6489,3.343907469E7,3056106.756
A6230,3.343262225E7,3050107.085
F6125,3.343431322E7,3047202.115
E6451,3.343762716E7,3055258.086
E6330,3.343971631E7,3052641.675
E6314,3.343241135E7,3051938.629
E6313,3.344091388E7,3051699.835
L6389,3.343712487E7,3053638.793
E6430,3.34431249E7,3054805.888
E6312,3.344077019E7,3051988.948
E6554,3.343757844E7,3057860.445
E6311,3.344122231E7,3051658.138
E6318,3.34373635E7,3052153.988
F6240,3.343614048E7,3050447.325
F6361,3.343250678E7,3053039.049
L6385,3.343187167E7,3053688.485
E6319,3.344236274E7,3052253.213
F6476,3.343177682E7,3056081.371
F6356,3.343686452E7,3052794.958
E6561,3.343662045E7,3057970.377
F6118,3.343530431E7,3047197.712
E6560,3.343809803E7,3058028.557
L6399,3.343173843E7,3053963.193
E6426,3.344189498E7,3054600.418
E6305,3.344149555E7,3051483.269
E6425,3.343775016E7,3054703.091
A6409,3.344301335E7,3054352.78
E6422,3.344332953E7,3054582.171
E6301,3.343704032E7,3051845.943
E6421,3.344237507E7,3054575.72
E6300,3.343747465E7,3051743.085
A6407,3.344230331E7,3054311.946
F6472,3.343610917E7,3055942.0
A6402,3.343153779E7,3054172.874
E6548,3.343737074E7,3057604.948
E6427,3.343122253E7,3054701.482
E6306,3.343215282E7,3052028.728
E6309,3.344347465E7,3051947.552
E6308,3.344244267E7,3051903.43
F6590,3.343792762E7,3058469.774
F6102,3.343521226E7,3046763.841
F6222,3.343633839E7,3050177.029
F6101,3.343428253E7,3046701.961
F6464,3.34318689E7,3055793.949
A6411,3.344288673E7,3054451.073
F6221,3.343892344E7,3049750.011
F6584,3.34374307E7,3058456.932
F6227,3.344013491E7,3050122.365
A6099,3.34391657E7,3046446.675
F6587,3.343669463E7,3058536.103
F6228,3.343350937E7,3050328.556
A6091,3.343263918E7,3046609.161
E6412,3.343768598E7,3054348.492
L6488,3.343833153E7,3056118.962
E6414,3.344147275E7,3054380.565
E6530,3.343723065E7,3057188.898
F6461,3.343207888E7,3055488.904
E6416,3.343161314E7,3054398.631
E6419,3.344267437E7,3054479.832
F6454,3.343692901E7,3055383.093
A6321,3.344284446E7,3051855.919
F6575,3.343708005E7,3058247.913
F6212,3.343350128E7,3049997.924
F6210,3.343987742E7,3049800.183
A6202,3.344317139E7,3049469.386
F6456,3.343609254E7,3055602.232
K6117,3.343770429E7,3046930.486
F6335,3.343266049E7,3052500.943
F6334,3.343296057E7,3052313.097
F6339,3.343241922E7,3052704.401
E6401,3.344300062E7,3054108.011
L6499,3.343097718E7,3056427.979
E6089,3.343838517E7,3046419.017
A6307,3.344243248E7,3051394.145
E6406,3.344095798E7,3054236.848
A6303,3.344023426E7,3051919.14
L6375,3.343208679E7,3053278.241
A6310,3.34381569E7,3051785.936
F6200,3.343945003E7,3049463.331
E6090,3.343371246E7,3046472.346
F6326,3.343660115E7,3052408.84
F6568,3.343858906E7,3058187.322
F6203,3.343849752E7,3049521.292
E6097,3.343515763E7,3046386.202
E6096,3.343377538E7,3046656.648
F6207,3.343634022E7,3049822.877
E6098,3.343863412E7,3046593.798
E6093,3.343769269E7,3046414.36
E6092,3.34364778E7,3046390.968
E6095,3.343484692E7,3046490.536
E6094,3.34359386E7,3046441.203
E6079,3.343607937E7,3046041.909
L6502,3.343792344E7,3056716.77
F6553,3.343854895E7,3057813.899
A6067,3.34362467E7,3045633.586
E6080,3.343574182E7,3045827.862
F6315,3.34362364E7,3052123.742
A6064,3.343718799E7,3045380.382
A6184,3.344192745E7,3049218.683
F6555,3.343592224E7,3057891.381
E6088,3.343317923E7,3046353.416
E6087,3.34372026E7,3046322.42
E6082,3.343499264E7,3045915.399
E6084,3.343829099E7,3046052.747
E6500,3.343761971E7,3056513.354
E6068,3.343380689E7,3045679.681
E6188,3.343682542E7,3049409.848
E6069,3.343823184E7,3045607.397
E6506,3.343703001E7,3056716.301
A6177,3.343215156E7,3049274.374
F6424,3.34321864E7,3054585.915
E6196,3.344130255E7,3049494.058
E6075,3.343759227E7,3045911.808
E6195,3.343287968E7,3049467.268
E6077,3.3433322E7,3046044.433
A6292,3.34404403E7,3051179.677
E6076,3.343455361E7,3045627.587
E6070,3.3437306E7,3045665.445
E6194,3.344044991E7,3049287.352
E6073,3.343400031E7,3045958.766
E6193,3.344169068E7,3049529.496
E6072,3.343419018E7,3045795.174
E6299,3.343971294E7,3051818.297
E6298,3.343673497E7,3051839.475
A6086,3.343671284E7,3046144.189
E6185,3.344015236E7,3049191.642
E6063,3.343782113E7,3045258.25
E6066,3.343533386E7,3045537.459
F6536,3.343851047E7,3057558.288
E6065,3.343415537E7,3045331.405
E6062,3.343491756E7,3045192.671
E6182,3.344125113E7,3049100.587
E6061,3.343453737E7,3045090.169
E6168,3.343975349E7,3048816.2
E6289,3.343223215E7,3051465.29
A6078,3.343708841E7,3046038.177
F6522,3.343632823E7,3057040.136
A6197,3.344250131E7,3049536.182
A6071,3.343761952E7,3045378.877
E6176,3.34399442E7,3049011.371
E6296,3.344197384E7,3051641.923
E6291,3.34399813E7,3051575.186
E6290,3.344351156E7,3051559.521
E6172,3.343288226E7,3048872.786
E6171,3.34408695E7,3048762.133
L6423,3.343736935E7,3054419.864
E6398,3.343784756E7,3054019.979
E6155,3.344029395E7,3048410.058
E6279,3.343749733E7,3051362.209
E6157,3.344048373E7,3048533.465
F6083,3.343457244E7,3046138.942
A6138,3.343953275E7,3047678.083
F6085,3.343422537E7,3046299.155
F6199,3.34391701E7,3049577.244
F6198,3.34377194E7,3049075.972
A6262,3.343177641E7,3050896.624
F6513,3.343844266E7,3056795.546
A6264,3.343854101E7,3050825.343
E6163,3.343340976E7,3048677.93
E6286,3.344228178E7,3051348.93
E6285,3.343688683E7,3051551.361
E6280,3.344327413E7,3051273.39
E6282,3.34367263E7,3051335.331
E6149,3.343911131E7,3048005.93
L6432,3.34316816E7,3054887.88
L6436,3.343724732E7,3054941.465
E6144,3.343343379E7,3048221.41
E6147,3.343867699E7,3048070.532
E6267,3.34364395E7,3050961.756
F6192,3.343355245E7,3049470.737
F6190,3.343813666E7,3049267.838
A6248,3.344001291E7,3050697.747
A6368,3.343791414E7,3053273.573
A6136,3.343975654E7,3047646.787
A6377,3.344217517E7,3053361.447
A6373,3.344155555E7,3053252.937
E6394,3.34425185E7,3053612.826
E6152,3.343944764E7,3048171.403
E6393,3.344269825E7,3053746.227
F6505,3.34363528E7,3056676.846
E6272,3.343719305E7,3051003.603
E6396,3.344147161E7,3053991.375
E6154,3.34398971E7,3048444.133
E6395,3.344207401E7,3053850.792
F6508,3.343870436E7,3056532.921
E6271,3.343744809E7,3051089.587
E6270,3.344176925E7,3051077.518
E6259,3.343702667E7,3050795.581
E6379,3.344136353E7,3053646.222
E6258,3.343228697E7,3050948.852
E6255,3.343963E7,3050734.57
L6523,3.343791891E7,3056999.491
E6133,3.343844658E7,3047700.559
E6254,3.34326154E7,3050743.59
E6257,3.344295853E7,3050768.187
E6135,3.344014537E7,3047799.576
E6256,3.344077752E7,3050782.208
F6180,3.343729121E7,3048842.073
F6186,3.343618164E7,3049310.109
A6159,3.343304553E7,3048336.57
F6183,3.343692704E7,3048931.365
A6288,3.343184314E7,3051511.93
A6287,3.343962383E7,3051459.585
F6178,3.34362212E7,3049098.42
F6297,3.343296171E7,3051679.932
A6165,3.343229569E7,3048890.541
E6261,3.344127048E7,3050870.983
E6384,3.344360102E7,3053325.89
E6263,3.344315151E7,3050987.678
A6281,3.343785475E7,3051199.042
E6142,3.34402081E7,3048084.215
A6160,3.343235031E7,3048567.299
E6381,3.343746796E7,3053571.807
E6380,3.344317237E7,3053669.397
E6127,3.344012779E7,3047473.381
E6247,3.344307947E7,3050317.107
E6126,3.34365401E7,3047395.206
L6533,3.343667355E7,3057301.44
E6128,3.343346176E7,3047513.865
E6365,3.343747662E7,3053212.973
E6244,3.343779415E7,3050309.646
E6123,3.343583568E7,3047401.868
E6364,3.344248802E7,3053107.255
E6243,3.344045284E7,3050418.804
E6122,3.343702433E7,3047148.456
E6246,3.343870893E7,3050320.731
E6487,3.343811204E7,3056357.157
F6170,3.343932785E7,3048883.287
F6175,3.343353494E7,3049114.78
F6295,3.34362613E7,3051803.084
F6174,3.343398401E7,3049015.044
F6173,3.343648398E7,3048971.288
A6397,3.344284804E7,3053564.759
F6166,3.34386246E7,3048795.383
F6601,3.34381439E7,3058761.272
A6275,3.343981382E7,3051253.252
F6169,3.343901145E7,3048758.042
A6274,3.343183354E7,3051309.734
A6390,3.344073114E7,3053629.559
E6251,3.344218367E7,3050558.569
L6538,3.343786507E7,3057412.692
E6253,3.343917985E7,3050630.485
E6132,3.343328175E7,3047842.476
E6374,3.343192986E7,3053397.798
E6131,3.343617695E7,3047714.889
E6370,3.344325117E7,3053341.405
E1780,3.34615853E7,3080492.799
E4611,3.3460805E7,3079480.2
J1881,3.346118619E7,3081705.262
E1586,3.346274598E7,3078568.217
E1860,3.346098396E7,3081483.607
E1667,3.34621358E7,3079550.771
E1901,3.34612936E7,3082100.9
E1747,3.346035927E7,3080428.612
E1745,3.346208572E7,3080489.567
E1866,3.346175937E7,3081493.88
E1705,3.34622894E7,3080092.025
F1616,3.346342369E7,3078935.394
J1793,3.346222247E7,3080975.745
E1770,3.346191273E7,3080831.795
E1579,3.346367488E7,3078480.888
E4605,3.346181207E7,3079054.973
E1898,3.346139521E7,3081686.206
E1810,3.346095181E7,3080963.618
E1699,3.346101557E7,3080007.191
C1946,3.346131053E7,3082514.586
E1896,3.346062997E7,3081925.582
E4607,3.346120237E7,3079372.118
E1935,3.346015494E7,3082288.023
C1624,3.346362616E7,3079211.227
E1819,3.346227492E7,3081192.742
F4602,3.346104908E7,3079001.237
F4603,3.346121349E7,3078849.709
F1853,3.346254165E7,3081414.332
F1734,3.346249117E7,3080397.28
F1932,3.346225656E7,3082075.95
F4604,3.346072807E7,3078965.217
F1607,3.346393426E7,3078805.761
E1684,3.346248979E7,3079863.507
E1760,3.346198284E7,3080679.649
E1603,3.346250485E7,3078871.175
E1609,3.346256119E7,3079004.062
F8596,3.345975842E7,3080367.134
F4599,3.346157531E7,3078826.927
J1549,3.346409924E7,3078332.15
F1721,3.34626469E7,3080170.787
F1602,3.346431892E7,3078653.398
F8516,3.346029173E7,3079440.687
F1645,3.3463168E7,3079356.154
F1725,3.346285727E7,3080196.391
E1591,3.346314665E7,3078519.109
F1916,3.346186229E7,3082035.924
J1892,3.346158141E7,3081675.902
E1675,3.346168134E7,3079606.055
F4591,3.34622689E7,3078275.481
E1758,3.346046134E7,3080662.216
E1833,3.346063724E7,3081359.595
E1719,3.346112292E7,3080218.353
F4584,3.346393444E7,3077737.488
F1795,3.346256941E7,3080817.32
F1678,3.34631672E7,3079745.09
E5940,3.345827595E7,3118241.775
E5269,3.346817455E7,3106139.02
E5821,3.346007591E7,3115910.626
E5820,3.345298649E7,3115956.63
E5941,3.345764254E7,3118131.68
E5385,3.3469232E7,3108146.546
E5267,3.346749594E7,3106050.029
E5827,3.346539657E7,3115915.878
E5948,3.345795946E7,3118454.068
E5826,3.346501659E7,3115923.195
E5828,3.346806565E7,3116049.245
E5702,3.345388523E7,3113644.578
E5944,3.345937881E7,3118238.991
E5943,3.345492713E7,3118276.404
E5946,3.345722788E7,3118161.944
D5337,3.346960612E7,3107407.462
F5622,3.346287362E7,3112156.981
F5742,3.345316619E7,3114315.265
F5740,3.346135249E7,3114113.399
D5210,3.346700571E7,3105273.354
F5746,3.345544248E7,3114517.528
F5623,3.345536786E7,3112059.334
F5502,3.34665052E7,3109795.763
F5508,3.346372541E7,3110297.848
F5507,3.346681807E7,3110017.321
F5506,3.346568801E7,3110167.792
E5499,3.346774604E7,3110058.14
E5931,3.345337392E7,3117829.937
F5181,3.346801416E7,3104708.999
E5936,3.345656543E7,3118144.224
E5818,3.346583939E7,3115814.068
E5938,3.345875085E7,3118148.142
E5812,3.346183982E7,3115727.915
E5933,3.34611539E7,3117903.015
E5811,3.346127636E7,3115737.194
F5298,3.346695711E7,3106668.252
F4642,3.346346786E7,3113702.351
E5819,3.346739989E7,3115828.155
F5610,3.346065484E7,3111931.208
F4641,3.346301918E7,3113296.768
F5850,3.345825344E7,3116398.597
E5261,3.346713731E7,3106004.305
E5246,3.346794505E7,3105827.849
E5242,3.346873122E7,3105620.964
E5926,3.345407644E7,3117787.709
F5290,3.346818651E7,3106604.469
E5807,3.346618083E7,3115523.49
E5927,3.346167942E7,3117773.622
E5801,3.345960224E7,3115606.828
E5922,3.345838876E7,3117822.307
C5876,3.345404795E7,3116717.95
E5921,3.34594589E7,3117587.063
E5924,3.346357571E7,3117569.563
E5803,3.346801704E7,3115631.814
E5802,3.346671302E7,3115364.69
F5720,3.345555311E7,3113999.504
D5795,3.346479188E7,3115298.859
F5725,3.345526977E7,3113751.795
F5846,3.345936818E7,3116144.625
F5722,3.346057976E7,3114139.632
F5601,3.346326586E7,3111875.662
E5251,3.346917748E7,3105916.304
F4637,3.346266722E7,3112194.673
F4638,3.346271724E7,3112568.759
E5599,3.346510442E7,3111761.765
E5353,3.346887834E7,3107666.399
E5476,3.346741387E7,3109773.816
E5596,3.346305764E7,3111644.968
E5914,3.345988646E7,3117513.055
E5916,3.345631237E7,3117743.934
C5886,3.345365247E7,3117109.881
E5912,3.345394597E7,3117347.231
C5858,3.34537251E7,3116478.083
E5467,3.346707747E7,3109452.564
C5859,3.345757393E7,3116685.391
E5584,3.346426659E7,3111337.349
E5221,3.346756937E7,3105461.287
J5206,3.346921902E7,3105413.306
E5903,3.345913347E7,3117360.078
E5906,3.345850088E7,3117392.957
C5851,3.345714273E7,3116487.08
E5902,3.346148216E7,3117310.388
E5908,3.346016263E7,3117272.851
E5907,3.346224868E7,3117353.519
F5823,3.345859065E7,3115992.693
E5590,3.346472466E7,3111533.42
F5701,3.345330479E7,3113643.491
F5707,3.345470166E7,3113981.429
F5949,3.345606137E7,3118218.744
C5869,3.345336046E7,3116806.059
D13317,3.346640676E7,3114563.956
E5577,3.346347607E7,3111354.088
E5576,3.346545696E7,3111319.492
E5216,3.346819022E7,3105355.374
E5451,3.346941857E7,3109342.524
E5454,3.346922327E7,3109833.95
C5621,3.346019054E7,3112016.503
E5339,3.346883386E7,3107334.991
F5260,3.346690911E7,3105813.801
F5255,3.346653579E7,3106062.776
F5494,3.34634165E7,3110061.213
F5930,3.345565822E7,3117964.333
D5784,3.346567527E7,3115044.306
F5379,3.346785795E7,3108126.246
E5686,3.346472512E7,3113250.324
F5929,3.345682247E7,3117673.413
F5928,3.345528494E7,3117690.174
E5562,3.346384833E7,3111036.578
E5561,3.346499357E7,3111036.054
F5492,3.346624412E7,3109974.427
F5484,3.34651163E7,3109663.591
F5923,3.345498533E7,3117845.165
E5690,3.346435437E7,3113240.452
F5800,3.345407827E7,3115533.528
E5796,3.346085029E7,3115501.492
E5554,3.346688879E7,3110751.843
E5551,3.34647148E7,3110844.497
E5671,3.345454502E7,3112648.325
F5482,3.346419744E7,3109879.454
E5679,3.345417177E7,3113407.138
C5294,3.346871395E7,3106622.401
F5355,3.346824752E7,3107627.725
F5915,3.34573695E7,3117610.87
E5665,3.345477084E7,3113014.858
E5424,3.3469077E7,3108887.721
E5660,3.345397547E7,3112844.603
E5781,3.34535297E7,3115010.541
B5450,3.346729315E7,3109094.736
F5471,3.346391339E7,3109660.104
E5789,3.346747698E7,3115416.32
F5589,3.346258802E7,3111539.944
D6024,3.346505819E7,3115215.304
F5905,3.345709371E7,3117233.099
E5653,3.346126254E7,3112715.986
E5895,3.346287229E7,3117286.993
E5532,3.346567971E7,3110826.707
E5898,3.345325757E7,3117331.834
E5777,3.346176795E7,3115052.682
E5776,3.346141158E7,3115023.45
C5829,3.345385545E7,3116141.101
E5771,3.346110802E7,3114887.747
D6044,3.346595221E7,3114876.756
D6041,3.346571215E7,3115109.524
E5416,3.346860526E7,3108807.403
E5778,3.345406267E7,3114935.455
D6040,3.346287196E7,3116396.289
F5697,3.345479526E7,3113520.859
D6036,3.346298868E7,3116376.494
E5780,3.34621904E7,3115050.51
J5918,3.346262689E7,3117624.124
D5505,3.346821248E7,3110188.133
J13319,3.3462972E7,3115446.258
J13318,3.346245398E7,3115928.183
D5988,3.346741361E7,3113433.827
E5764,3.346689786E7,3114904.601
E5521,3.346736685E7,3110470.177
E5645,3.345444489E7,3112272.649
E5887,3.346091637E7,3117126.377
E5881,3.346337984E7,3116845.194
E5883,3.346603594E7,3116899.552
J5822,3.346244646E7,3115115.069
E5882,3.34588676E7,3117036.939
E5408,3.34680036E7,3108706.218
E5647,3.345522575E7,3112447.963
E5888,3.346315805E7,3117074.388
E5525,3.3463913E7,3110616.17
C5911,3.345478725E7,3117497.454
E5649,3.346464612E7,3112513.547
C5910,3.345571475E7,3117583.203
E5527,3.346632231E7,3110501.259
F5563,3.346303456E7,3111088.272
F5688,3.34607073E7,3113182.005
F5687,3.346254091E7,3113222.587
F5445,3.346667451E7,3108920.118
D5398,3.346986367E7,3108704.794
E5890,3.346036442E7,3116955.214
E5873,3.345761037E7,3117024.63
E5633,3.346366427E7,3112246.304
E5875,3.346246096E7,3116679.768
J5934,3.345371015E7,3118143.511
E5870,3.34666154E7,3116787.946
E6046,3.346726032E7,3114887.171
E6045,3.346654692E7,3115839.54
E5872,3.3467087E7,3116929.625
J5810,3.346678545E7,3115916.697
E5871,3.34674923E7,3116724.44
D6023,3.34645586E7,3115298.274
E5519,3.34651411E7,3110461.519
D6022,3.34651126E7,3115406.272
E5639,3.346084253E7,3112382.318
D6021,3.346342341E7,3116048.709
E5878,3.345282329E7,3116844.482
F5680,3.346184784E7,3113222.963
E5515,3.346711288E7,3110286.907
E5877,3.346200334E7,3116951.37
E5514,3.346475673E7,3110168.433
E5879,3.346427237E7,3116905.204
E5637,3.346420108E7,3112363.213
F5552,3.346339544E7,3110792.434
F5677,3.346140589E7,3113177.03
F5314,3.346716511E7,3107129.751
F5797,3.345337262E7,3115509.864
F5313,3.346800723E7,3106996.306
F5674,3.346391396E7,3112966.21
F5311,3.346758167E7,3106957.275
E6039,3.34625069E7,3116629.536
J6019,3.346659925E7,3111328.957
E6038,3.346264225E7,3116995.495
E5862,3.345913751E7,3116615.699
E5986,3.346403309E7,3117226.334
E5865,3.346095291E7,3116767.197
E6035,3.34626228E7,3116977.915
J5967,3.345732068E7,3119076.272
E6034,3.346278793E7,3116551.183
E6037,3.346210627E7,3116748.143
E5749,3.346722096E7,3114425.624
C5453,3.346847915E7,3109439.403
F5790,3.346047076E7,3115316.798
E5504,3.34643886E7,3110235.054
E5745,3.345445954E7,3114518.62
E5866,3.346374638E7,3116668.14
E5987,3.346455098E7,3116704.368
E5868,3.345818155E7,3116911.636
E5989,3.346962358E7,3108582.642
C5459,3.346786177E7,3109334.886
F5662,3.345325079E7,3112844.646
F5782,3.34600354E7,3115106.351
F5785,3.345922787E7,3115254.927
F5664,3.345555696E7,3113029.454
F5307,3.346665653E7,3106783.998
J5968,3.345697541E7,3119034.691
F5309,3.346863636E7,3106946.735
E5852,3.345317236E7,3116376.753
E6028,3.34626163E7,3115224.058
E6027,3.346261472E7,3114750.975
E4643,3.346431187E7,3113968.762
C5904,3.345786414E7,3117390.83
E5733,3.346235363E7,3113820.406
E6029,3.346270557E7,3114878.108
E4644,3.346298038E7,3114010.509
E5611,3.346485814E7,3112006.727
J5954,3.345742024E7,3118763.945
E5971,3.345842086E7,3119055.124
E4640,3.346377946E7,3113481.761
E5739,3.346120751E7,3114444.981
E5738,3.345421221E7,3114266.383
E5735,3.345513136E7,3114287.458
E4645,3.346349359E7,3114114.749
E5855,3.346544251E7,3116604.081
E5734,3.346210852E7,3113899.639
E4646,3.346393191E7,3114291.544
E5737,3.345375737E7,3114268.419
E5616,3.346313028E7,3112077.888
E5857,3.345871863E7,3116448.027
F5892,3.345593277E7,3117131.286
F5655,3.346029206E7,3112697.747
F5774,3.345952936E7,3114868.809
F5894,3.345570768E7,3117316.246
E6031,3.346216899E7,3116049.579
F5658,3.346343669E7,3112687.181
C5909,3.345440434E7,3117341.398
E6033,3.346195338E7,3116386.6
F5657,3.346184607E7,3112551.649
F5536,3.346431511E7,3110646.888
E13328,3.346860652E7,3108208.819
E6032,3.345904128E7,3117653.453
E5962,3.345640329E7,3118798.177
E5843,3.346611118E7,3116281.493
J5741,3.34626429E7,3114516.011
E5964,3.345605597E7,3118823.292
E5842,3.346413738E7,3116162.763
E5963,3.345517978E7,3118762.723
E5849,3.346675526E7,3116349.625
E5607,3.346421861E7,3111914.767
E5848,3.346385019E7,3116371.027
E5727,3.346170927E7,3113892.643
E4639,3.346324042E7,3112948.194
E5724,3.346270714E7,3113999.22
E5966,3.34592442E7,3118861.852
E5965,3.345787059E7,3119004.855
J6030,3.345948934E7,3117536.962
E5847,3.345262175E7,3116466.47
E5604,3.346372737E7,3111813.86
F5401,3.346748043E7,3108457.251
F5763,3.345477978E7,3114839.794
A5196,3.346736188E7,3105008.039
F5769,3.345276854E7,3114895.042
F5648,3.345368683E7,3112615.017
F5889,3.345664731E7,3117084.745
E5292,3.346731707E7,3106637.483
E5951,3.345421736E7,3118312.435
J5853,3.346135349E7,3116639.8
J5974,3.345670534E7,3119299.361
E5950,3.346018886E7,3118205.492
E5953,3.345989676E7,3118344.72
E5832,3.346560686E7,3116349.53
E5952,3.345451081E7,3118338.274
E5831,3.346108642E7,3116167.185
J6026,3.346332221E7,3115256.511
E5277,3.346901376E7,3106375.099
E5838,3.346458971E7,3116065.081
E5958,3.345670594E7,3118602.31
J6025,3.346159121E7,3115403.4
E5834,3.346144927E7,3116295.433
J5970,3.34561482E7,3119196.096
E5955,3.345571345E7,3118523.26
E5712,3.34675059E7,3113925.647
E5957,3.345470292E7,3118766.172
E5836,3.346715837E7,3116196.452
J6020,3.346603962E7,3111209.995
E5835,3.346038245E7,3116230.541
E5956,3.345970741E7,3118706.985
F5874,3.345961813E7,3116832.157
F5758,3.34554048E7,3114831.162
D5808,3.346341892E7,3115867.695
F5635,3.345418502E7,3112067.894
F5759,3.346072578E7,3114720.562
E4058,3.348045733E7,3070991.425
E390,3.348780685E7,3058735.123
E392,3.348620102E7,3059040.542
E394,3.348725656E7,3059366.937
E396,3.348364674E7,3059171.778
F364,3.348299504E7,3058756.19
F244,3.348901438E7,3057065.514
F487,3.34880622E7,3060870.871
E278,3.349047892E7,3057445.917
F488,3.347883887E7,3061079.426
F4099,3.34843087E7,3071365.718
E4182,3.348520126E7,3072189.771
C1062,3.348691971E7,3050401.858
E4062,3.348174354E7,3070864.867
E4183,3.348466838E7,3072066.023
E4060,3.348210986E7,3070999.038
E4047,3.348424633E7,3070803.263
E4043,3.348110942E7,3070581.939
E383,3.348953741E7,3058939.176
E384,3.349024319E7,3058930.873
F473,3.347896937E7,3060613.084
E386,3.348718751E7,3058873.513
F4096,3.348380968E7,3071574.79
D13327,3.348875802E7,3062094.155
D13326,3.348517288E7,3061970.02
A922,3.348795576E7,3048542.312
E293,3.348968767E7,3057678.018
F261,3.348248887E7,3057300.216
F265,3.348345186E7,3057304.465
F388,3.348886137E7,3058974.777
C3579,3.347624644E7,3063428.543
D1199,3.348728901E7,3052473.474
F4196,3.348164323E7,3072326.323
D1075,3.348881383E7,3050208.951
E4284,3.348269415E7,3073222.109
D13321,3.348064764E7,3069530.209
E4026,3.348517279E7,3070610.929
F373,3.348816441E7,3058485.001
F4195,3.348110104E7,3072063.1
F4188,3.34823504E7,3071985.448
D4231,3.34846516E7,3072439.264
D13331,3.348224569E7,3063699.061
E4030,3.3480457E7,3070490.219
D4239,3.348417914E7,3072817.484
C3559,3.347589604E7,3063063.44
E4258,3.348338937E7,3072721.015
E4010,3.347954732E7,3070300.02
F280,3.348506069E7,3057449.202
F281,3.348907763E7,3057562.934
E4012,3.348282115E7,3070319.218
F283,3.34859279E7,3057690.561
F286,3.348444911E7,3057520.317
E198,3.348988396E7,3056036.857
D1177,3.34878065E7,3052018.231
F4299,3.34821489E7,3073268.155
E4140,3.348177427E7,3071910.764
E4262,3.348380797E7,3072530.296
E4020,3.348340668E7,3070403.413
E1098,3.348793084E7,3050740.525
E4001,3.348397602E7,3070087.458
E1099,3.348852084E7,3050773.954
E4002,3.348470645E7,3070421.844
E4249,3.348283921E7,3072820.729
F398,3.34828684E7,3059194.082
E4008,3.348012233E7,3070189.758
F4171,3.348328203E7,3072022.472
F4045,3.34792554E7,3070776.375
C3536,3.347542372E7,3062622.733
E4110,3.348135142E7,3071210.384
E4118,3.34851686E7,3071585.591
D1277,3.348743526E7,3053124.387
E1094,3.34871573E7,3050837.05
F4141,3.348215977E7,3071645.249
E1189,3.348715396E7,3052106.51
C804,3.34883282E7,3046935.153
F4132,3.348037349E7,3071687.923
F4135,3.34840215E7,3071829.541
E1192,3.348655078E7,3052143.133
J4028,3.348598773E7,3070762.852
D901,3.348997814E7,3048123.254
F4004,3.347888701E7,3070173.607
E1042,3.348848552E7,3050218.507
E1287,3.348639914E7,3053715.055
F4359,3.348259353E7,3073890.467
D4629,3.348540519E7,3072643.951
E4422,3.348346931E7,3074583.394
E1154,3.348743357E7,3051620.998
E1275,3.34883649E7,3053385.956
E4420,3.348287329E7,3074452.348
C1325,3.348749781E7,3054623.38
E4307,3.348335797E7,3073407.751
F1197,3.348568655E7,3051996.261
F4101,3.348270415E7,3071304.826
F4227,3.348238931E7,3072509.618
D1127,3.348830411E7,3051222.492
D1248,3.348808691E7,3052768.036
E1261,3.348704329E7,3053190.02
E1026,3.348813965E7,3049886.835
E1389,3.348841039E7,3049057.963
E3690,3.347686943E7,3065659.298
E919,3.348938916E7,3048472.82
E1372,3.348899292E7,3055892.267
E3796,3.34794665E7,3067440.909
C13,3.347634145E7,3061907.325
E3790,3.347888902E7,3067305.878
C859,3.3488652E7,3047426.034
C15,3.347667191E7,3062381.359
A317,3.348775024E7,3058164.738
C14,3.347574112E7,3062114.879
C17,3.347766265E7,3062712.807
C19,3.347826312E7,3063127.604
C18,3.34779949E7,3062927.465
D1342,3.348970025E7,3055092.354
F1292,3.348569375E7,3053954.645
E904,3.348847333E7,3048324.683
E4630,3.348552209E7,3071969.961
C20,3.347859336E7,3063490.508
E4631,3.34855234E7,3071228.62
E3784,3.347837946E7,3066894.507
E1245,3.348789527E7,3053101.436
C749,3.348859293E7,3045932.748
D715,3.348983274E7,3044894.841
J4094,3.348607059E7,3071375.733
D830,3.349032739E7,3046722.16
D1310,3.34887619E7,3054027.038
E810,3.348909331E7,3046888.692
F3585,3.347652745E7,3063735.403
E1354,3.348893167E7,3054990.448
D608,3.348240234E7,3065616.401
C759,3.348835815E7,3046147.811
D605,3.34832234E7,3065439.84
E1356,3.34893134E7,3055356.112
E3778,3.347977157E7,3067149.693
E1118,3.348760197E7,3051073.35
E800,3.348968986E7,3046692.017
E3761,3.347790496E7,3066903.061
E3880,3.347884591E7,3068466.002
D618,3.347888118E7,3065918.072
E3760,3.347917047E7,3066893.041
D617,3.347860053E7,3065778.207
D978,3.348865766E7,3049434.222
E1224,3.348651794E7,3052810.034
D976,3.34894941E7,3049059.678
E1345,3.348703921E7,3054827.594
D610,3.34780063E7,3065238.167
E1349,3.348842157E7,3055085.112
F1381,3.348856155E7,3056470.085
E956,3.348910084E7,3048913.055
E957,3.348877593E7,3049014.007
F1144,3.348599151E7,3051586.876
F4416,3.348235481E7,3074591.125
F1148,3.348659518E7,3051575.792
E3751,3.347744223E7,3066686.344
D509,3.348213563E7,3061284.507
D508,3.348325349E7,3061689.136
D628,3.347926459E7,3066256.793
D507,3.348120892E7,3061434.077
E1336,3.348640615E7,3054673.495
D626,3.348249696E7,3065912.471
E3639,3.347732725E7,3064734.882
D503,3.34816044E7,3061010.455
E3756,3.347876204E7,3066527.16
E3757,3.347678334E7,3066655.94
F3670,3.347642312E7,3065499.859
E822,3.349010641E7,3047114.508
F1255,3.34860744E7,3053250.721
D519,3.348244301E7,3061621.97
E1205,3.348610153E7,3052342.663
D517,3.348914355E7,3061383.411
D637,3.348083558E7,3066460.136
E1324,3.348803E7,3054265.053
D515,3.348682167E7,3061567.358
D513,3.348072413E7,3061742.355
D633,3.34797835E7,3066748.553
D511,3.348028424E7,3061404.529
D631,3.348374698E7,3066467.753
D630,3.348215861E7,3066736.373
E611,3.347974651E7,3065555.558
H4050,3.348266623E7,3070792.086
F3781,3.347750918E7,3067218.467
E612,3.348040989E7,3065483.074
F1241,3.348566705E7,3052952.786
F1362,3.348681377E7,3055477.952
E615,3.3479537E7,3065871.487
F3782,3.34769784E7,3067235.806
E616,3.348153342E7,3065536.4
F3783,3.347639672E7,3067261.629
F1125,3.348687707E7,3051250.214
D3938,3.34835915E7,3069426.589
E619,3.347978603E7,3065997.433
E3971,3.348034601E7,3069849.288
E3850,3.348002739E7,3067904.995
E1315,3.348850115E7,3054354.11
D528,3.348235456E7,3062058.113
D647,3.348059331E7,3067725.685
E3732,3.347807691E7,3066488.932
E962,3.348798413E7,3048955.611
E600,3.348083691E7,3065210.507
D640,3.348263044E7,3067247.063
E601,3.348021201E7,3065028.999
E602,3.347960984E7,3065229.234
E603,3.347857267E7,3065196.065
E604,3.347898764E7,3065337.912
F937,3.34876165E7,3048312.831
E606,3.348266599E7,3065318.925
E849,3.34891554E7,3047466.965
F1358,3.348628713E7,3055153.798
E609,3.34820265E7,3065326.489
F3655,3.347700361E7,3065034.475
F1359,3.348797105E7,3055329.649
F3658,3.347645185E7,3065003.252
E3720,3.34765959E7,3066233.433
E1300,3.348739801E7,3054155.967
E3968,3.348327483E7,3069888.484
C327,3.348734087E7,3058402.726
D537,3.348253459E7,3062407.046
E1301,3.348681879E7,3053978.813
E3607,3.347702756E7,3064252.658
D657,3.348375691E7,3065944.73
D414,3.348582837E7,3059386.011
E3964,3.347952135E7,3069693.944
C564,3.347898863E7,3063497.59
D411,3.34907543E7,3059267.896
E510,3.348764537E7,3061063.056
D653,3.348088943E7,3068596.367
D773,3.348998658E7,3045975.256
C320,3.348234304E7,3057831.504
F723,3.348866578E7,3045384.863
C560,3.347950217E7,3063564.457
E635,3.348183451E7,3066945.357
E638,3.34820408E7,3067201.807
E518,3.348292181E7,3061925.005
F1347,3.348752239E7,3055185.462
B4036,3.347973141E7,3070921.993
E3714,3.347749853E7,3065967.263
D549,3.348501032E7,3062900.395
E3716,3.347787082E7,3066181.155
E860,3.348984542E7,3047693.875
A4103,3.348175729E7,3071558.152
D423,3.348623358E7,3059865.255
E500,3.348346E7,3061349.461
C694,3.348802907E7,3044806.658
E622,3.347946717E7,3066234.497
D541,3.348832258E7,3062523.951
D420,3.348993212E7,3059682.708
E501,3.347981993E7,3061449.045
E502,3.348493972E7,3061311.571
E623,3.348087318E7,3065896.487
E624,3.348153483E7,3066168.635
E988,3.348783296E7,3049389.541
E504,3.348845522E7,3061469.012
F716,3.34892247E7,3045312.691
E627,3.348320425E7,3065972.71
E506,3.348426723E7,3061547.421
D3926,3.348047953E7,3068938.783
E629,3.348159683E7,3066544.986
F1209,3.3485417E7,3052591.218
D319,3.349115618E7,3057828.613
D318,3.348343269E7,3058014.268
E771,3.348958552E7,3046044.184
E650,3.348166946E7,3067903.287
C467,3.34892704E7,3060628.881
E531,3.347587429E7,3062487.718
D434,3.348490772E7,3059810.482
E412,3.348988129E7,3059068.463
D432,3.349028074E7,3059729.08
E413,3.348397794E7,3059537.479
D551,3.348167048E7,3062542.372
E899,3.348911069E7,3048010.123
E536,3.348358337E7,3062254.347
F625,3.347997177E7,3066212.435
E416,3.348786384E7,3059580.404
F505,3.347886553E7,3061491.193
F3862,3.347911741E7,3068166.128
E538,3.348426664E7,3062710.24
E539,3.347973686E7,3062720.711
J3953,3.348406252E7,3069474.506
D449,3.348975993E7,3060141.758
F971,3.348741334E7,3049060.274
E644,3.348089936E7,3067425.554
E523,3.348415754E7,3062071.646
E524,3.348107151E7,3062150.934
E645,3.348215323E7,3067632.321
E767,3.34890735E7,3046022.44
E525,3.34799342E7,3061985.754
E526,3.348032172E7,3062222.861
E527,3.348798611E7,3061934.256
E648,3.348210035E7,3068121.147
E407,3.348932862E7,3059361.309
E649,3.34812674E7,3068010.646
E408,3.348670588E7,3059506.286
F3853,3.34795364E7,3068011.663
F1309,3.348609677E7,3054337.116
F3608,3.347656194E7,3064149.945
J3987,3.348465958E7,3070154.633
E3924,3.348007918E7,3068925.458
E3805,3.348022914E7,3067457.138
E3920,3.347964222E7,3069187.357
E431,3.348706358E7,3059855.001
E552,3.348407616E7,3063062.787
E674,3.348909671E7,3043623.764
F884,3.348807209E7,3047800.911
E675,3.348874009E7,3043455.975
E676,3.348834254E7,3043758.776
D212,3.349023632E7,3056061.461
E677,3.34876038E7,3044208.009
E556,3.347675493E7,3063108.261
F403,3.34882632E7,3059135.752
E678,3.348906309E7,3044088.435
E315,3.348565322E7,3058081.843
F404,3.348098013E7,3059348.814
E557,3.348124458E7,3063205.483
C362,3.348257097E7,3058503.645
F3960,3.347876243E7,3069790.065
E438,3.348438364E7,3059921.661
F409,3.348182286E7,3059547.863
D349,3.348709246E7,3058438.846
E540,3.348140265E7,3062738.32
E542,3.348067092E7,3062661.753
D466,3.348703015E7,3060379.084
F632,3.348067744E7,3066512.527
E544,3.347645292E7,3062784.823
F634,3.348024624E7,3066639.004
E424,3.348910835E7,3059847.908
E303,3.348284412E7,3057679.806
E545,3.348475165E7,3062193.4
D463,3.348525031E7,3060457.929
F636,3.348081281E7,3066905.41
E548,3.348009303E7,3062865.942
D582,3.348178774E7,3064168.661
F639,3.348122517E7,3067133.985
F3837,3.347884891E7,3067869.295
E570,3.348098679E7,3063827.499
E692,3.348857266E7,3044723.185
E571,3.347785037E7,3063680.687
E3904,3.347933468E7,3068879.504
E330,3.348603664E7,3058111.474
E333,3.348452578E7,3058157.258
E454,3.348904737E7,3060295.229
F543,3.347939735E7,3062555.649
D599,3.348211809E7,3064776.321
D356,3.348613219E7,3058452.324
E455,3.348276982E7,3060380.502
D598,3.348288573E7,3064968.187
E577,3.347982955E7,3064049.014
E456,3.348148849E7,3060227.102
D476,3.348006503E7,3060733.198
D596,3.348138549E7,3064819.354
F425,3.348304624E7,3059679.149
E579,3.347784047E7,3064217.223
E337,3.349080934E7,3058134.058
F306,3.348351236E7,3057788.049
F428,3.348087103E7,3059778.875
D350,3.348487067E7,3058587.813
F429,3.348158863E7,3059885.752
K1027,3.348763815E7,3049997.818
F3944,3.347885006E7,3069423.671
F3702,3.347622117E7,3065909.929
F3816,3.347858555E7,3067653.457
B4131,3.348080215E7,3071452.798
E681,3.348929377E7,3044466.314
F530,3.347923331E7,3062137.227
E563,3.347826098E7,3063756.184
E443,3.348115285E7,3060090.744
D367,3.348540517E7,3058719.465
E687,3.348955216E7,3045062.024
E566,3.348157497E7,3063697.35
E445,3.348385325E7,3060172.141
E324,3.348512457E7,3058066.207
E567,3.347715296E7,3063468.477
E568,3.347757176E7,3063324.824
E447,3.348249372E7,3060051.643
E569,3.347871218E7,3063927.348
E328,3.349012478E7,3057982.472
F418,3.348212501E7,3059668.043
D360,3.34912671E7,3058572.837
E590,3.347870922E7,3064382.191
D4174,3.348600731E7,3071999.744
E591,3.347876505E7,3064738.2
E592,3.347898166E7,3064664.412
E471,3.348720002E7,3060610.285
E472,3.348090943E7,3060907.562
F440,3.348839411E7,3059638.991
E593,3.347943596E7,3064855.606
F683,3.348800472E7,3044309.093
E474,3.347960142E7,3060681.961
E595,3.348084783E7,3064764.2
E233,3.348925392E7,3056673.494
F322,3.348399541E7,3057912.838
F565,3.348004941E7,3063703.31
E597,3.347811352E7,3064789.673
E477,3.348484672E7,3060837.524
E478,3.348032661E7,3060606.969
F446,3.348864088E7,3059756.079
D377,3.348448813E7,3058961.479
E358,3.348394033E7,3058625.357
E479,3.34832065E7,3060741.458
F448,3.348789279E7,3060133.444
D494,3.348537764E7,3061153.056
D490,3.348305731E7,3061266.005
F3801,3.347762342E7,3067478.18
E581,3.348026882E7,3064157.306
E460,3.348454226E7,3060492.22
E340,3.348902301E7,3058118.338
E461,3.348101105E7,3060464.247
F430,3.348045739E7,3059891.255
E583,3.348126671E7,3064294.209
E584,3.34781257E7,3064381.747
E465,3.348369558E7,3060588.318
E587,3.347930592E7,3064423.731
F555,3.347953204E7,3063226.22
E588,3.348038892E7,3064520.158
E346,3.348960485E7,3058355.146
F799,3.348857839E7,3046640.413
E347,3.34832165E7,3058350.673
F558,3.348043599E7,3063275.073
E469,3.348872018E7,3060708.923
F437,3.348206009E7,3060009.07
D381,3.348669883E7,3058879.473
F3906,3.347852127E7,3068703.949
E4078,3.348315173E7,3070946.889
E491,3.348854498E7,3061104.964
F344,3.348862246E7,3058396.239
E497,3.348417636E7,3061194.093
E378,3.349050687E7,3058662.887
E499,3.348725106E7,3061237.401
D270,3.3483009E7,3057113.134
C1080,3.348652858E7,3050537.124
E4065,3.348500029E7,3071095.687
E481,3.34829469E7,3060855.773
E240,3.348958459E7,3056576.226
F450,3.348335509E7,3060108.582
E483,3.348237695E7,3060817.845
F451,3.347906617E7,3060141.153
E484,3.348398874E7,3060858.685
E243,3.349015157E7,3056975.345
E489,3.347957225E7,3061158.423
E4072,3.348368066E7,3071003.707
K1058,3.348764161E7,3050418.072
E9824,3.343682487E7,3094220.096
E10082,3.343900434E7,3096722.583
E9701,3.343892141E7,3092938.465
E9503,3.343920441E7,3090031.023
E9942,3.343828547E7,3095130.231
E9984,3.34369385E7,3095567.516
A10014,3.343822995E7,3095661.248
E10047,3.343663468E7,3096250.285
A9804,3.34395709E7,3093788.129
A9967,3.343934145E7,3095335.277
E9629,3.343925078E7,3091742.105
F10326,3.343543149E7,3098636.884
A9889,3.34395414E7,3094564.233
F9700,3.343715578E7,3092452.69
E10328,3.343674427E7,3098728.755
A9698,3.343946089E7,3092782.186
E10006,3.343680718E7,3095744.732
F9507,3.343968192E7,3089921.313
D10079,3.343893163E7,3096299.956
A10092,3.343850927E7,3096460.284
D10310,3.343791386E7,3098452.525
A10170,3.343843913E7,3097157.021
E9736,3.343754651E7,3093115.308
E9896,3.343716037E7,3094805.186
E9532,3.343954662E7,3090623.089
E10013,3.343866529E7,3096076.818
E10211,3.343783498E7,3097469.023
F9662,3.343809519E7,3092308.985
E10132,3.343787524E7,3096711.417
E10450,3.343670045E7,3100153.613
E9937,3.343738592E7,3095143.535
A9757,3.343950873E7,3093419.359
A9721,3.343836994E7,3092939.345
F13346,3.343624024E7,3100515.521
F9615,3.343866326E7,3091756.544
E10416,3.343714503E7,3099651.782
F9779,3.343611138E7,3093672.05
F9852,3.343692586E7,3094492.035
D9864,3.343838431E7,3094490.273
E9981,3.34391897E7,3095478.99
E9660,3.343877317E7,3092290.726
E9528,3.344038021E7,3090365.627
E9845,3.343779702E7,3094094.778
A10033,3.343939718E7,3095994.158
A10112,3.343842038E7,3096673.139
F9692,3.343747708E7,3092553.646
F10423,3.343591703E7,3099751.872
A10239,3.343813564E7,3097848.411
A9825,3.343802227E7,3094088.064
E9806,3.343889919E7,3094016.105
A9668,3.343887179E7,3092718.373
E10261,3.343732753E7,3098022.876
E10062,3.34388103E7,3096443.217
F10188,3.343712466E7,3097418.107
F9646,3.343628167E7,3092154.125
F10146,3.343658175E7,3096817.864
A9872,3.343867447E7,3094591.134
F9567,3.343893528E7,3091219.316
F9962,3.343702873E7,3095331.655
F9489,3.343886501E7,3089699.88
E9696,3.3436596E7,3092655.171
E9894,3.343897142E7,3094580.103
E9771,3.343779825E7,3093536.313
A10152,3.343814862E7,3097068.78
A10076,3.343957634E7,3096403.445
E9759,3.343681169E7,3093449.539
E9879,3.343807359E7,3094573.527
E10070,3.343766276E7,3096162.996
D10421,3.343766448E7,3099190.261
E9799,3.343690589E7,3093879.509
A10221,3.343904629E7,3097260.574
E10398,3.343676533E7,3099270.907
E10354,3.343610422E7,3098994.008
A9815,3.343878596E7,3093505.661
E10153,3.343715192E7,3096955.157
A9977,3.343869735E7,3095376.297
F10015,3.343608168E7,3096019.954
E10314,3.34372897E7,3098507.422
A9661,3.343984823E7,3091961.954
E9563,3.343958173E7,3091128.861
D9600,3.34402262E7,3090970.75
E9680,3.343939847E7,3092488.37
F9717,3.343613175E7,3092949.744
D10187,3.343703918E7,3097600.039
A11762,3.342728548E7,3124332.358
F11655,3.342704295E7,3121705.473
A11768,3.342720838E7,3124567.907
E11716,3.342658175E7,3123143.709
E11738,3.342736229E7,3123630.215
E11759,3.342666095E7,3124290.437
F11751,3.342578496E7,3123833.051
E11659,3.342832981E7,3121667.401
E11713,3.342744165E7,3122975.835
E11776,3.342650627E7,3124875.694
E11632,3.342807622E7,3121069.354
D11683,3.342847376E7,3122229.41
D12078,3.342608652E7,3124689.477
D11781,3.342621458E7,3124924.693
A11677,3.342722643E7,3122228.266
E12077,3.342633582E7,3124292.448
D11675,3.342901799E7,3122002.846
A11734,3.342502559E7,3123426.788
D11779,3.342672478E7,3124955.08
D11757,3.342804315E7,3124007.958
E11663,3.342770782E7,3121820.981
E11783,3.34254956E7,3124955.187
F11743,3.342682678E7,3124051.045
F11744,3.342623326E7,3123665.971
E11780,3.342695134E7,3124826.876
F11647,3.342726132E7,3121375.894
F11702,3.3426271E7,3122831.246
E11748,3.342694007E7,3123856.261
E11769,3.342511786E7,3124164.484
F11763,3.342440977E7,3124278.262
E11688,3.342778227E7,3122373.28
E11787,3.342603027E7,3125173.927
G11770,3.342559243E7,3124428.37
D11652,3.342901891E7,3121446.568
D11794,3.34265213E7,3125322.161